Company Name,Job Title,Required Skills,Time Posted,Link to apply
lastminute.comgroup,SiteReliabilityEngineer,"orchestration , docker , database , java , devops , github , python , infrastructure",Posted 1 day ago,https://www.timesjobs.com/job-detail/site-reliability-engineer-lastminute-com-group-spain-4-to-7-yrs-jobid-IiwAWeQz8YNzpSvf__PLUS__uAgZw==&source=srp
lastminute.comgroup,ProductDataAnalyst,"sql , data extraction , python , team player",Posted 1 day ago,https://www.timesjobs.com/job-detail/product-data-analyst-lastminute-com-group-switzerland-2-to-3-yrs-jobid-tKA2ZgUy4sdzpSvf__PLUS__uAgZw==&source=srp
lastminute.comgroup,DataEngineer,"scala , sql , java , big data , python , composer , mobile , team player , infrastructure",Posted 1 day ago,https://www.timesjobs.com/job-detail/data-engineer-lastminute-com-group-switzerland-3-to-5-yrs-jobid-Du3zJ0UtNspzpSvf__PLUS__uAgZw==&source=srp
e-stoneinformationtechnology,FullStackJavaDeveloper,"orchestration , hosting , mockito , apache tomcat , docker , database , security , java , postgresql , j2ee , mysql , api , mongodb , python , junit , mq , maven , microsoft azure",Posted 1 day ago,https://www.timesjobs.com/job-detail/full-stack-java-developer-e-stone-information-technology-bengaluru-bangalore-5-to-8-yrs-jobid-TJJwo0XvGq9zpSvf__PLUS__uAgZw==&source=srp
vimeotechnologiesprivatelimited,DataPlatformEngineerII,"orchestration , scala , data warehousing , java , git , linux , hbase , python , infrastructure , production environment , management systems",Posted 1 day ago,https://www.timesjobs.com/job-detail/data-platform-engineer-ii-vimeo-technologies-private-limited-bengaluru-bangalore-3-to-6-yrs-jobid-MFFxnRhHxeBzpSvf__PLUS__uAgZw==&source=srp
VeevaSystems,SeniorPerformanceEngineer,"bi , docker , java , git , linux , mysql , shell scripting , san , python",Posted 1 day ago,https://www.timesjobs.com/job-detail/senior-performance-engineer-veeva-systems-seattle-6-to-9-yrs-jobid-XLIyhG3RZDVzpSvf__PLUS__uAgZw==&source=srp
VeevaSystems,SeniorMigrationConsultant,"salesforce , java , xml , api , documentum , python , oracle , sharepoint , json , rest , san , consultant , forms",Posted 1 day ago,https://www.timesjobs.com/job-detail/senior-migration-consultant-veeva-systems-8-to-11-yrs-jobid-QJLoHTgrke5zpSvf__PLUS__uAgZw==&source=srp
TOTHENEW,SeniorDevOpsEngineer,"sql , database , python scripting , postgresql , devops , mysql , mongodb , python , nosql , infrastructure setup , written communication , infrastructure",Posted 1 day ago,https://www.timesjobs.com/job-detail/senior-devops-engineer-to-the-new-noida-greater-noida-4-to-7-yrs-jobid-IkINuiUWOT1zpSvf__PLUS__uAgZw==&source=srp
SpectrumSofttechSolutionsPvtLtd,PYTHONFULLSTACKDEVELOPERCUMTRAINER,"python , socket programming , bootstrap , javascript , database , django , .net",Posted 1 day ago,https://www.timesjobs.com/job-detail/python-full-stack-developer-cum-trainer-spectrum-softtech-solutions-pvt-ltd-cochin-kochi-ernakulam-0-to-1-yrs-jobid-pl0oF89q3HNzpSvf__PLUS__uAgZw==&source=srp
SourcedeskGlobalPrivateLimited,TechnicalLead/SoftwareArchitect,"docker , postgresql , senior software developer , mysql , python , node.js , php",Posted 1 day ago,https://www.timesjobs.com/job-detail/technical-lead-software-architect-sourcedesk-global-private-limited-kolkata-10-to-18-yrs-jobid-p0jXT0__PLUS__rq95zpSvf__PLUS__uAgZw==&source=srp
skymapglobal,RemoteSensingandGISSolutionAlgorithmDeveloper,"algorithms , python , c   , remote sensing , team player , machine learning , radar",Posted 1 day ago,https://www.timesjobs.com/job-detail/remote-sensing-and-gis-solution-algorithm-developer-skymap-global-singapore-0-to-3-yrs-jobid-zIUNUIoAlyBzpSvf__PLUS__uAgZw==&source=srp
RANGAMINFOTECHPVT.LTD.,TechnologyServiceAnalyst,"python , bi , team player , sql",Posted 1 day ago,https://www.timesjobs.com/job-detail/technology-service-analyst-rangam-infotech-pvt-ltd-pune-3-to-4-yrs-jobid-VHo9ybRBCzVzpSvf__PLUS__uAgZw==&source=srp
PUBLICISGROUPE,SeniorSoftwareEngineer,"senior software engineer , sql , plsql , database , java , debugging , crm , python , oracle , triggers , messaging , infrastructure , .net , unix",Posted 1 day ago,https://www.timesjobs.com/job-detail/senior-software-engineer-publicis-groupe-bengaluru-bangalore-0-to-3-yrs-jobid-yueEj7GUN5pzpSvf__PLUS__uAgZw==&source=srp
paxceltechnologiespvt.ltt/paxcomindia(p)ltd,PrincipalEngineer,"rest api , protocol development , spring , oop , java , devops , mysql , api , python , maven , nosql",Posted 1 day ago,https://www.timesjobs.com/job-detail/principal-engineer-paxcel-technologies-pvt-ltt-paxcom-india-p-ltd-bengaluru-bangalore-10-to-13-yrs-jobid-hgbXt__PLUS__DIqaFzpSvf__PLUS__uAgZw==&source=srp
paxceltechnologiespvt.ltt/paxcomindia(p)ltd,SeniorFullStackDeveloper(Mean/MernStack),"css , git , postgresql , debugging , telecom , html , python , oracle , ivr , mobile , javascript , node.js",Posted 1 day ago,https://www.timesjobs.com/job-detail/senior-full-stack-developer-mean-mern-stack-paxcel-technologies-pvt-ltt-paxcom-india-p-ltd-mohali-gurgaon-2-to-5-yrs-jobid-e8HlhvITYL9zpSvf__PLUS__uAgZw==&source=srp
oneaccessnetworkspvtltd,"R&DLinux,PythonFullstackNFVEngineer","css , html5 , ajax , apache , devops , mysql , html , api , python , github , director , javascript , nfv , sql , security , git , linux , rest , c , team player",Posted 1 day ago,https://www.timesjobs.com/job-detail/r-d-linux-python-fullstack-nfv-engineer-oneaccess-networks-pvt-ltd-bengaluru-bangalore-5-to-10-yrs-jobid-WPtBgCGQWPRzpSvf__PLUS__uAgZw==&source=srp
NuvoloTechnologies,SeniorDevOpsEngineer,"devops , debugging , python , javascript , servicenow , infrastructure",Posted 1 day ago,https://www.timesjobs.com/job-detail/senior-devops-engineer-nuvolo-technologies-5-to-8-yrs-jobid-XdwlVyK4uKNzpSvf__PLUS__uAgZw==&source=srp
NuageBiz.Tech,AzureDeveloper,"python , docker , git , devops , infrastructure , gateway",Posted 1 day ago,https://www.timesjobs.com/job-detail/azure-developer-nuagebiz-tech-noida-greater-noida-2-to-3-yrs-jobid-96VL9RXcVspzpSvf__PLUS__uAgZw==&source=srp
netskopesoftwarepvt.ltd,"StaffEngineer,DataPlatform","security , java , big data , cloud computing , python , messaging , bscs , cassandra",Posted 1 day ago,https://www.timesjobs.com/job-detail/staff-engineer-data-platform-netskope-software-pvt-ltd-bengaluru-bangalore-10-to-13-yrs-jobid-8__SLASH__cktNBcpa5zpSvf__PLUS__uAgZw==&source=srp
netskopesoftwarepvt.ltd,"SoftwareEngineer,CloudAppResearcher","xml , html , python , javascript , security , json , debugging , technical skills , machine learning , written communication",Posted 1 day ago,https://www.timesjobs.com/job-detail/software-engineer-cloud-app-researcher-netskope-software-pvt-ltd-bengaluru-bangalore-3-to-7-yrs-jobid-1ZGawGipyxhzpSvf__PLUS__uAgZw==&source=srp
MODEFINSERVERPRIVATELIMITED,PythonDeveloper,"python , webrtc , html5 , javascript , database , django , postgresql , linux , debugging , sockets",Posted 1 day ago,https://www.timesjobs.com/job-detail/python-developer-mode-finserver-private-limited-bengaluru-bangalore-2-to-5-yrs-jobid-7VLOqvvZJNtzpSvf__PLUS__uAgZw==&source=srp
MODEFINSERVERPRIVATELIMITED,ChatbotDeveloper,"python , json , Chatbot Developer",Posted 1 day ago,https://www.timesjobs.com/job-detail/chatbot-developer-mode-finserver-private-limited-bengaluru-bangalore-2-to-5-yrs-jobid-OsT__PLUS__NFMXE0ZzpSvf__PLUS__uAgZw==&source=srp
MODEFINSERVERPRIVATELIMITED,PythonLead,"python , css , machine learning , artificial intelligence , javascript , sql , django , html , dash",Posted 1 day ago,https://www.timesjobs.com/job-detail/python-lead-mode-finserver-private-limited-bengaluru-bangalore-7-to-10-yrs-jobid-z4b1uidMH0JzpSvf__PLUS__uAgZw==&source=srp
KIWITECH,DevOpsEngineer,"intrusion detection , docker , git , iam , linux , heroku , api , github , python , ruby , php",Posted 1 day ago,https://www.timesjobs.com/job-detail/devops-engineer-kiwitech-noida-greater-noida-3-to-6-yrs-jobid-5y__SLASH__S2Yl0hO9zpSvf__PLUS__uAgZw==&source=srp
JumpTrading,NetworkEngineer,"information technology , ip networking , git , postgresql , pim , linux , json , mysql , big data , rest , python , problem solving , network management , infrastructure , splunk",Posted 1 day ago,https://www.timesjobs.com/job-detail/network-engineer-jump-trading-netherlands-new-york-city-chicago-null-5-to-8-yrs-jobid-68__SLASH__Yx0OH7wxzpSvf__PLUS__uAgZw==&source=srp
ClarivateAnalytics,DevelopmentOperationsEngineer(AWS),"docker , security , java , devops , teamcity , web development , api , cloud computing , rest , python , maven , gradle , infrastructure",Posted 1 day ago,https://www.timesjobs.com/job-detail/development-operations-engineer-aws-clarivate-analytics-4-to-7-yrs-jobid-qMmPtrEoNOxzpSvf__PLUS__uAgZw==&source=srp
arrkgroup,AWSservicesAPIwithPython,"python , team player , api",Posted 1 day ago,https://www.timesjobs.com/job-detail/aws-services-api-with-python-arrk-group-navi-mumbai-2-to-3-yrs-jobid-iv__SLASH__dTdT__SLASH__q4dzpSvf__PLUS__uAgZw==&source=srp
AcuityKnowledgePartners,SeniorPythonDeveloper,"algorithms , python , business rules , triggers , sql , git , django , written communication , debugging , data structures , sql database",Posted 1 day ago,https://www.timesjobs.com/job-detail/senior-python-developer-acuity-knowledge-partners-sri-lanka-0-to-3-yrs-jobid-0O3HvTAaCPNzpSvf__PLUS__uAgZw==&source=srp
"CanvasFacilities
(MoreJobs)",DataAnalyst,"python , business intelligence , analytics , Data Analytics , data analysis , power bi , pandas , coding , tableau , reporting",Posted 1 day ago,https://www.timesjobs.com/job-detail/data-analyst-canvas-facilities-agra-kanpur-lucknow-dehradun-siliguri-1-to-6-yrs-jobid-BgZoINlY__PLUS__dxzpSvf__PLUS__uAgZw==&source=srp
"CanvasFacilities
(MoreJobs)",DataAnalyst,"python , business intelligence , analytics , Data Analytics , data analysis , power bi , pandas , coding , tableau , reporting",Posted 1 day ago,https://www.timesjobs.com/job-detail/data-analyst-canvas-facilities-coimbatore-madurai-salem-trichy-agartala-1-to-6-yrs-jobid-rUEfbdVYEIRzpSvf__PLUS__uAgZw==&source=srp
"CanvasFacilities
(MoreJobs)",DataAnalyst,"python , business intelligence , analytics , Data Analytics , data analysis , power bi , pandas , coding , tableau , reporting",Posted 1 day ago,https://www.timesjobs.com/job-detail/data-analyst-canvas-facilities-bhubaneshwar-amritsar-jalandhar-ludhiana-jaipur-1-to-6-yrs-jobid-IUq9V__SLASH__bdfglzpSvf__PLUS__uAgZw==&source=srp
"CanvasFacilities
(MoreJobs)",DataAnalyst,"python , business intelligence , analytics , Data Analytics , data analysis , power bi , pandas , coding , tableau , reporting",Posted 1 day ago,https://www.timesjobs.com/job-detail/data-analyst-canvas-facilities-indore-aurangabad-nagpur-nasik-thane-1-to-6-yrs-jobid-rfG__PLUS__YOzs__SLASH__CxzpSvf__PLUS__uAgZw==&source=srp
"CanvasFacilities
(MoreJobs)",DataAnalyst,"python , business intelligence , analytics , Data Analytics , data analysis , power bi , pandas , coding , tableau , reporting",Posted 1 day ago,https://www.timesjobs.com/job-detail/data-analyst-canvas-facilities-calicut-kozhikode-cochin-kochi-ernakulam-thiruvananthapuram-bhopal-gwalior-1-to-6-yrs-jobid-__PLUS__tDX__SLASH__P6y5jtzpSvf__PLUS__uAgZw==&source=srp
"CanvasFacilities
(MoreJobs)",DataAnalyst,"python , business intelligence , analytics , Data Analytics , data analysis , power bi , pandas , coding , tableau , reporting",Posted 1 day ago,https://www.timesjobs.com/job-detail/data-analyst-canvas-facilities-surat-vadodara-ranchi-mangalore-mysoru-mysore-1-to-6-yrs-jobid-lfoJsCpyD1VzpSvf__PLUS__uAgZw==&source=srp
"CanvasFacilities
(MoreJobs)",DataAnalyst,"python , business intelligence , analytics , Data Analytics , data analysis , power bi , pandas , coding , tableau , reporting",Posted 1 day ago,https://www.timesjobs.com/job-detail/data-analyst-canvas-facilities-rohtak-shimla-solan-jammu-srinagar-1-to-6-yrs-jobid-RD7xzfkOuI5zpSvf__PLUS__uAgZw==&source=srp
"CanvasFacilities
(MoreJobs)",DataAnalyst,"python , business intelligence , analytics , Data Analytics , data analysis , power bi , pandas , coding , tableau , reporting",Posted 1 day ago,https://www.timesjobs.com/job-detail/data-analyst-canvas-facilities-guwahati-patna-raipur-panjim-panaji-navi-mumbai-1-to-6-yrs-jobid-RSRsuTdXBYxzpSvf__PLUS__uAgZw==&source=srp
OrangeBusinessServices,TechnicalleadDevOps,"docker , security , git , devops , perl , api , cloud computing , big data , python , maven , nosql , gradle , infrastructure , management systems , gateway",Posted 2 days ago,https://www.timesjobs.com/job-detail/technical-lead-devops-orange-business-services-gurgaon-7-to-10-yrs-jobid-lsWf1m51po9zpSvf__PLUS__uAgZw==&source=srp
zscalersoftechpvtltd,ProductSupportEngineerIII-EST/PST,"tcpdump , security , database , apache , linux , debugging , perl , python , gateway , unix",Posted 2 days ago,https://www.timesjobs.com/job-detail/product-support-engineer-iii-est-pst-zscaler-softech-pvt-ltd-bengaluru-bangalore-10-to-13-yrs-jobid-xl__PLUS__EK__PLUS__u26NdzpSvf__PLUS__uAgZw==&source=srp
zscalersoftechpvtltd,ProductSupportEngineerIII-EST/PST,"tcpdump , security , database , apache , linux , debugging , perl , python , gateway , unix",Posted 2 days ago,https://www.timesjobs.com/job-detail/product-support-engineer-iii-est-pst-zscaler-softech-pvt-ltd-bengaluru-bangalore-10-to-13-yrs-jobid-SJwOacgtj7RzpSvf__PLUS__uAgZw==&source=srp
winzonetechnologypvtltd,SecurityEngineer,"udp , c   , system security , security , java , python , cloud services , c , os , operating system , kernel , computer networks , mobile , enterprise security , infrastructure",Posted 2 days ago,https://www.timesjobs.com/job-detail/security-engineer-winzone-technology-pvt-ltd-delhi-2-to-5-yrs-jobid-VI51JXCnA7NzpSvf__PLUS__uAgZw==&source=srp
VeevaSystems,TechnicalArchitect,"c   , java , documentum , c# , python , oracle , .net , sharepoint , it management , security , rest , san , siebel",Posted 2 days ago,https://www.timesjobs.com/job-detail/technical-architect-veeva-systems-mumbai-7-to-10-yrs-jobid-UMBHFKlpTfVzpSvf__PLUS__uAgZw==&source=srp
unifylabssystemspvtltd,SeniorPythonDeveloper,"python , django , git , mysql , mvc",Posted 2 days ago,https://www.timesjobs.com/job-detail/senior-python-developer-unifylabs-systems-pvt-ltd-mysoru-mysore-bengaluru-bangalore-5-to-6-yrs-jobid-GQBmhBgzxGlzpSvf__PLUS__uAgZw==&source=srp
unifylabssystemspvtltd,JavaEngineers,"oop , security , java , j2ee , data structures , python , problem solving , knockoutjs , javascript , spring framework , angularjs , software developer",Posted 2 days ago,https://www.timesjobs.com/job-detail/java-engineers-unifylabs-systems-pvt-ltd-bengaluru-bangalore-3-to-5-yrs-jobid-NtbNn7cG6stzpSvf__PLUS__uAgZw==&source=srp
tresvistafinancialservices,"Associate,DataIntelligenceGroup","hive , python , bi , dbms , sql , nosql",Posted 2 days ago,https://www.timesjobs.com/job-detail/associate-data-intelligence-group-tresvista-financial-services-mumbai-pune-bengaluru-bangalore-3-to-4-yrs-jobid-as80w__PLUS__4i0NNzpSvf__PLUS__uAgZw==&source=srp
PUBLICISGROUPE,SeniorAssociateL2-DS-AI&MachineLearning,"algorithms , orchestration , artificial intelligence , ds , docker , java , data structures , python , machine learning , production environment",Posted 2 days ago,https://www.timesjobs.com/job-detail/senior-associate-l2-ds-ai-machine-learning-publicis-groupe-bengaluru-bangalore-0-to-3-yrs-jobid-eXw40eowqaVzpSvf__PLUS__uAgZw==&source=srp
paxceltechnologiespvt.ltt/paxcomindia(p)ltd,TeamLead-(MeanStackDeveloper),"css , git , postgresql , debugging , telecom , html , python , oracle , ivr , mobile , project delivery",Posted 2 days ago,https://www.timesjobs.com/job-detail/team-lead-mean-stack-developer-paxcel-technologies-pvt-ltt-paxcom-india-p-ltd-mohali-gurgaon-6-to-9-yrs-jobid-MAHQEhRn9RtzpSvf__PLUS__uAgZw==&source=srp
nutanxttechnologies,SeniorPythonDeveloper,"hosting , storage , database , git , testing tools , linux , debugging , software engineer , cloud computing , technical skills , python , django",Posted 2 days ago,https://www.timesjobs.com/job-detail/senior-python-developer-nutanxt-technologies-pune-3-to-5-yrs-jobid-ilhG__PLUS__tq9jBdzpSvf__PLUS__uAgZw==&source=srp
Nineleaps,DataAnalyst,"data mining , bi , sql , xml , python , javascript",Posted 2 days ago,https://www.timesjobs.com/job-detail/data-analyst-nineleaps-bengaluru-bangalore-7-to-10-yrs-jobid-wcuAhY0JpsFzpSvf__PLUS__uAgZw==&source=srp
Nineleaps,DataEngineer,"hive , rest api , sql , docker , pig , git , java , hadoop , big data , hbase , python , infrastructure",Posted 2 days ago,https://www.timesjobs.com/job-detail/data-engineer-nineleaps-bengaluru-bangalore-0-to-3-yrs-jobid-bQ9C299ODv1zpSvf__PLUS__uAgZw==&source=srp
Matific,SeniorTechLead-ServerSide,"css , docker , java , html , api , python , team player , django",Posted 2 days ago,https://www.timesjobs.com/job-detail/senior-tech-lead-server-side-matific-sri-lanka-8-to-11-yrs-jobid-28Gj__SLASH__r1xa9hzpSvf__PLUS__uAgZw==&source=srp
jupiticejusticetechnologiespvt.ltd.,SeniorDataScientistandLeadDataScientist,"image processing , algorithms , python , natural language processing , ece , machine learning , git",Posted 2 days ago,https://www.timesjobs.com/job-detail/senior-data-scientist-and-lead-data-scientist-jupitice-justice-technologies-pvt-ltd-chandigarh-7-to-8-yrs-jobid-0uUI7RPbLXlzpSvf__PLUS__uAgZw==&source=srp
jupiticejusticetechnologiespvt.ltd.,BlockchainEngineer,"python , c   , github , javascript , sql , node.js , java , software engineering",Posted 2 days ago,https://www.timesjobs.com/job-detail/blockchain-engineer-jupitice-justice-technologies-pvt-ltd-chandigarh-2-to-4-yrs-jobid-zuW0XTJUa8NzpSvf__PLUS__uAgZw==&source=srp
iontradingindiapvt.ltd.,SeniorFunctionalAnalyst,"c   , functional analyst , sql , java , python , consultant",Posted 2 days ago,https://www.timesjobs.com/job-detail/senior-functional-analyst-ion-trading-india-pvt-ltd-italy-4-to-7-yrs-jobid-DDSCHgSCj__SLASH__pzpSvf__PLUS__uAgZw==&source=srp
freshworkstechnologiesltd,LeadSoftwareEngineer-Systems,"c   , sso , java , devops , software engineering , data structures , multithreading , mysql , ipc , c# , python , github , messaging , nosql , unix , algorithms , git , postgresql , oops , soap web services , software engineer , crm , san , rest , cloud services , c , rdbms , problem solving , ruby",Posted 2 days ago,https://www.timesjobs.com/job-detail/lead-software-engineer-systems-freshworks-technologies-ltd-chennai-6-to-10-yrs-jobid-gZwzXUc8c6NzpSvf__PLUS__uAgZw==&source=srp
ENVERUS,SeniorQAAnalyst/Engineer,"java , python , javascript , written communication , infrastructure",Posted 2 days ago,https://www.timesjobs.com/job-detail/senior-qa-analyst-engineer-enverus-spain-2-to-5-yrs-jobid-2C5jyoOSxEhzpSvf__PLUS__uAgZw==&source=srp
CTE,SeniorEngineer-DataScience,"fundamentals , algorithms , python , machine learning , debugging , big data",Posted 2 days ago,https://www.timesjobs.com/job-detail/senior-engineer-data-science-cte-bengaluru-bangalore-20-to-23-yrs-jobid-LP__PLUS__FUosNQyVzpSvf__PLUS__uAgZw==&source=srp
Byjus,CurriculumAssociateCodingbyjus,"algorithms , python , css , javascript , html",Posted 2 days ago,https://www.timesjobs.com/job-detail/curriculum-associate-coding-byjus-byjus-bengaluru-bangalore-3-to-6-yrs-jobid-bUJ0JJ52Ra1zpSvf__PLUS__uAgZw==&source=srp
boomerangcommerce,SoftwareDevelopmentEngineerIII(Fullstack),"algorithms , ds , ror , data structures , python , machine learning",Posted 2 days ago,https://www.timesjobs.com/job-detail/software-development-engineer-iii-fullstack-boomerang-commerce-chennai-5-to-8-yrs-jobid-HZ7tfSsHpbhzpSvf__PLUS__uAgZw==&source=srp
"AppSoftSolutions
(MoreJobs)","SoftwareDeveloper,SoftwareEngineer,Programmer","Java , c ++ , c# , python , ruby , php , Data Structures SQL , OOPS Data Structures , Core Java , algorithm , AWS , Azure , Google Cloud",Posted 2 days ago,https://www.timesjobs.com/job-detail/software-developer-software-engineer-programmer-appsoft-solutions-bengaluru-bangalore-delhi-mumbai-noida-greater-noida-pune-0-to-3-yrs-jobid-lrPJITokdR1zpSvf__PLUS__uAgZw==&source=srp
"MaxgenTechnologies
(MoreJobs)",PythonInternshipinAhmedabad,"python  , developer",Posted 3 days ago,https://www.timesjobs.com/job-detail/python-internship-in-ahmedabad-maxgen-technologies-ahmedabad-mehsana-rajkot-surat-surendranagar-0-to-1-yrs-jobid-nX__SLASH__b2dXNK__SLASH__ZzpSvf__PLUS__uAgZw==&source=srp
nielsensports,SeniorSoftwareEngineer(Python&Javascript),"c   , senior software engineer , sql , docker , java , git , python , github , problem solving , javascript , infrastructure , .net",Posted 3 days ago,https://www.timesjobs.com/job-detail/senior-software-engineer-python-javascript-nielsensports-cochin-kochi-ernakulam-5-to-8-yrs-jobid-iUvkFbSYYQlzpSvf__PLUS__uAgZw==&source=srp
alliancerecruitmentagency,FullStackDeveloper,"css , python , bootstrap , storage , javascript , jquery , xml , devops , debugging , html",Posted 3 days ago,https://www.timesjobs.com/job-detail/full-stack-developer-alliance-recruitment-agency-ahmedabad-3-to-6-yrs-jobid-NrUAXoOkWVdzpSvf__PLUS__uAgZw==&source=srp
alliancerecruitmentagency,FullStackDeveloper,"css , bootstrap , storage , jquery , xml , devops , debugging , html , python , javascript",Posted 3 days ago,https://www.timesjobs.com/job-detail/full-stack-developer-alliance-recruitment-agency-mumbai-3-to-6-yrs-jobid-RSOEe9t6r__SLASH__xzpSvf__PLUS__uAgZw==&source=srp
ULTISOURCEPvtLtd.,SoftwareDevelopmentEngineer-III,"rest , python , rdbms , javascript , nosql , react.js , database , java , django",Posted 3 days ago,https://www.timesjobs.com/job-detail/software-development-engineer-iii-ultisource-pvt-ltd-hyderabad-secunderabad-bengaluru-bangalore-0-to-3-yrs-jobid-MCSYSXFzMsVzpSvf__PLUS__uAgZw==&source=srp
ULTISOURCEPvtLtd.,Full-StackDeveloper-Python,"algorithms , css , software design , bootstrap , git , html , data structures , python , director , javascript , django",Posted 3 days ago,https://www.timesjobs.com/job-detail/full-stack-developer-python-ultisource-pvt-ltd-mumbai-5-to-8-yrs-jobid-FldWZNPDPD1zpSvf__PLUS__uAgZw==&source=srp
